{
  "ant": 7.705509771977488,
  "human": 7.703241676506256,
  "mole": 7.376374908386731,
  "ox": 7.187500669504974,
  "fish": 7.149029521757843,
  "dog": 7.011628712112366,
  "mouse": 6.998031710215993,
  "cat": 6.974700475388379,
  "bear": 6.8430108386651725,
  "rat": 6.824248421787369,
  "bug": 6.81643731815849,
  "fly": 6.812003860922145,
  "horse": 6.806763707589138,
  "tick": 6.707636847956361,
  "crow": 6.6610980193090334,
  "chicken": 6.6509305363825595,
  "cock": 6.646023576731184,
  "pig": 6.640742531445176,
  "asp": 6.6289466146935245,
  "cow": 6.605994843068253,
  "moth": 6.595052331274413,
  "bird": 6.587560563111716,
  "cub": 6.557805812021057,
  "insect": 6.554742394322064,
  "bull": 6.536971204863539,
  "seal": 6.496006691283108,
  "python": 6.473842872678822,
  "ram": 6.453361614418572,
  "bat": 6.436663308280262,
  "sheep": 6.400152392702804,
  "cattle": 6.392738446620633,
  "bass": 6.391199487238851,
  "rabbit": 6.354520439087052,
  "worm": 6.303119995209061,
  "chick": 6.295701435603502,
  "buck": 6.271630678644208,
  "duck": 6.207802075525666,
  "devil": 6.206473711984036,
  "mosquito": 6.198520455111195,
  "goat": 6.177468392597899,
  "lamb": 6.142540566800436,
  "snake": 6.139625988924049,
  "deer": 6.1353537193989744,
  "cricket": 6.120082439820241,
  "salmon": 6.119986908092036,
  "wolf": 6.109189295953082,
  "lion": 6.0686826034607675,
  "ape": 6.064286109385351,
  "cardinal": 6.058360343839098,
  "monkey": 6.0528981546403475,
  "bee": 6.023269337100794,
  "hen": 5.96976153284473,
  "elephant": 5.954139714247363,
  "spider": 5.949819209258431,
  "clam": 5.933455397922243,
  "crab": 5.930451318520528,
  "turkey": 5.928270872183736,
  "calf": 5.92473092421131,
  "coral": 5.906909051777534,
  "shrimp": 5.902470132348136,
  "whale": 5.8916155010160765,
  "fox": 5.88312973774156,
  "shark": 5.8751625869501884,
  "dove": 5.8516704270745095,
  "puppy": 5.846893543316625,
  "tiger": 5.828296973730706,
  "butterfly": 5.82149846212069,
  "frog": 5.819596574107099,
  "pony": 5.81249957761325,
  "sponge": 5.811798797517137,
  "squirrel": 5.778708237644988,
  "trout": 5.7708932308571725,
  "eagle": 5.762457234675676,
  "goose": 5.760891961281235,
  "slug": 5.743458022592455,
  "camel": 5.716196227767206,
  "turtle": 5.715164847468475,
  "buffalo": 5.701586979627822,
  "hog": 5.699105483080787,
  "donkey": 5.650771688336918,
  "owl": 5.6481257215586504,
  "crane": 5.646272339622796,
  "beetle": 5.639967333608677,
  "hawk": 5.624298600775506,
  "tuna": 5.623422973456365,
  "snail": 5.597055336822577,
  "pigeon": 5.5954576406528655,
  "dinosaur": 5.59346440134866,
  "lobster": 5.573219827114422,
  "mule": 5.528227449951479,
  "raven": 5.5127470816212725,
  "squid": 5.510476643657323,
  "hamster": 5.506009573007096,
  "lizard": 5.499330980110841,
  "elk": 5.493335343727832,
  "kitten": 5.4881218505236395,
  "oyster": 5.486555152358629,
  "dolphin": 5.469049905261328,
  "boar": 5.438281218968687,
  "parrot": 5.435170432187859,
  "flea": 5.423054086484829,
  "penguin": 5.410947544610286,
  "hare": 5.41074856056201,
  "stag": 5.408004092938418,
  "leopard": 5.406904494328036,
  "guinea pig": 5.3953543547917615,
  "yak": 5.395315906959291,
  "eel": 5.387656728620143,
  "sparrow": 5.383228133212757,
  "lizards": 5.36519024137393,
  "gull": 5.348785631537293,
  "gorilla": 5.34682222839354,
  "moose": 5.346783143258122,
  "bunny": 5.341236623238692,
  "toad": 5.315938873701993,
  "crocodile": 5.312746307260709,
  "leech": 5.310157812606087,
  "octopus": 5.304652065615001,
  "zebra": 5.303191736060861,
  "swan": 5.30135125472939,
  "bison": 5.298872717424547,
  "catfish": 5.287044412617308,
  "doe": 5.283907008732182,
  "reindeer": 5.278572988327758,
  "robin": 5.277297418767562,
  "quail": 5.274721142596943,
  "peacock": 5.259020174070812,
  "boa": 5.258052722713579,
  "beaver": 5.253933781993365,
  "chimpanzee": 5.253068911443606,
  "mink": 5.2530373850338945,
  "falcon": 5.251854705468416,
  "wasp": 5.25103928415328,
  "badger": 5.234319832051271,
  "stallion": 5.221064574832487,
  "ferret": 5.2186956447536526,
  "tortoise": 5.206744944053748,
  "alligator": 5.205799621570576,
  "colt": 5.203533288997972,
  "pike": 5.203266842317148,
  "rhino": 5.20197579793292,
  "hedgehog": 5.198321616111713,
  "jellyfish": 5.19603241004688,
  "mongoose": 5.195968802076111,
  "reptile": 5.1874925189804255,
  "panda": 5.18613667169178,
  "sloth": 5.172086023422826,
  "ostrich": 5.1683059274351475,
  "scorpion": 5.16705135873788,
  "caterpillar": 5.164204099324033,
  "llama": 5.163238920639559,
  "goldfish": 5.160825544277116,
  "coyote": 5.141035663601179,
  "grizzly": 5.138656306766854,
  "hummingbird": 5.125198150069181,
  "rooster": 5.105288723284219,
  "kangaroo": 5.103458199744877,
  "urchin": 5.09903804532404,
  "cockroach": 5.088114816613137,
  "cobra": 5.079304278722025,
  "amphibian": 5.078420564914,
  "gulls": 5.073370042138256,
  "raccoon": 5.071285362854137,
  "otter": 5.065725326469841,
  "viper": 5.0641246526384265,
  "canary": 5.061056457256414,
  "giraffe": 5.053566270279874,
  "lynx": 5.052382245926455,
  "skunk": 5.034656526460315,
  "terrier": 5.027777574498109,
  "cheetah": 5.021937295517345,
  "vulture": 5.01823433878505,
  "caribou": 5.012204296030743,
  "seagull": 5.004532020012324,
  "antelope": 4.99430835228702,
  "panther": 4.994246744615026,
  "polar bear": 4.99339654695532,
  "tadpole": 4.990445417045994,
  "chameleon": 4.984864716816858,
  "possum": 4.966010250724607,
  "emu": 4.964617857882452,
  "flounder": 4.958363172732585,
  "rhinoceros": 4.956898046912602,
  "bulldog": 4.9445122821281515,
  "fisher": 4.943118426223925,
  "stork": 4.941595898175119,
  "hornet": 4.934796295302136,
  "baboon": 4.927606440070794,
  "tilapia": 4.924697868242585,
  "gecko": 4.919533078297686,
  "scallop": 4.918764031027999,
  "pheasant": 4.912955007317285,
  "kiwi": 4.908415311701199,
  "heron": 4.901507360664175,
  "starfish": 4.889408161652576,
  "poodle": 4.88321271631026,
  "salamander": 4.876229390823206,
  "cougar": 4.874093156118793,
  "opossum": 4.870175577279292,
  "grasshopper": 4.868379902476719,
  "loon": 4.865630970034542,
  "finch": 4.862352049831877,
  "piglet": 4.842684111515222,
  "jaguar": 4.839264304301622,
  "rattlesnake": 4.8255559322903565,
  "woodpecker": 4.8228216453031045,
  "raptor": 4.821126880105383,
  "ewe": 4.816287710662605,
  "walrus": 4.8148998795558455,
  "hyena": 4.765519543097953,
  "koala": 4.759803776469666,
  "black bear": 4.749295615434781,
  "orangutan": 4.746462937959148,
  "gazelle": 4.737764961454688,
  "gopher": 4.7266375705213255,
  "porcupine": 4.715326319026051,
  "nightingale": 4.708633321015398,
  "newt": 4.707169759394251,
  "koi": 4.694613972470845,
  "orca": 4.693023067923694,
  "marmoset": 4.683632310526125,
  "stingray": 4.682244383923317,
  "lemur": 4.679564160112239,
  "swordfish": 4.672005445022952,
  "alpaca": 4.658869592201962,
  "lioness": 4.650647441679319,
  "iguana": 4.639755349859593,
  "gerbil": 4.6388584998467035,
  "crawfish": 4.63360983076968,
  "dingo": 4.627662796093748,
  "bluebird": 4.619635859719037,
  "armadillo": 4.6162128622434855,
  "mountain lion": 4.615381837439644,
  "pelican": 4.603458337409067,
  "gnat": 4.601364563666311,
  "flamingo": 4.5949336998462815,
  "platypus": 4.5910200617183,
  "anaconda": 4.587216912605019,
  "puma": 4.582142938379449,
  "minnow": 4.578134722947836,
  "dodo": 4.547836215830798,
  "ladybug": 4.544675631413166,
  "liger": 4.533683106579122,
  "sea lion": 4.532372133567877,
  "centipede": 4.528903851138409,
  "seahorse": 4.514800021737716,
  "porpoise": 4.512097114881013,
  "hippopotamus": 4.509981670671806,
  "tarantula": 4.508772048270926,
  "woodchuck": 4.501319486926531,
  "chipmunk": 4.499136994537382,
  "bobcat": 4.489339625857985,
  "wildebeest": 4.48135662107913,
  "killer whale": 4.469203257834216,
  "manatee": 4.463220879774792,
  "brown bear": 4.45982957814908,
  "parakeet": 4.449678915173551,
  "mule deer": 4.43906413786105,