{
  "human": 8.65923466808485,
  "fish": 8.187151622413447,
  "bear": 8.031898443596475,
  "horse": 8.024306818950503,
  "dear": 7.978737732241734,
  "ray": 7.884398870896053,
  "cattle": 7.869441984728669,
  "dog": 7.843100282494769,
  "bird": 7.773500045220296,
  "sheep": 7.724215309978256,
  "bull": 7.691621671349241,
  "fly": 7.670422569402179,
  "seal": 7.648311572245726,
  "cat": 7.621206172258946,
  "turkey": 7.574019535827655,
  "fox": 7.5502790830277675,
  "bears": 7.545443743071111,
  "rat": 7.500347971522566,
  "buffalo": 7.4989924808872335,
  "devil": 7.45625852434651,
  "cow": 7.433241320800964,
  "mouse": 7.408447087953361,
  "pig": 7.4075339006436804,
  "deer": 7.40389940665567,
  "salmon": 7.384330399325686,
  "chicken": 7.382387368468206,
  "insect": 7.378054236257791,
  "fisher": 7.376772254416932,
  "wolf": 7.376545606432544,
  "lion": 7.347783513718378,
  "doe": 7.326535529027643,
  "lamb": 7.326204630907907,
  "cardinal": 7.315030624017352,
  "eagle": 7.301885581052094,
  "bass": 7.288116121425054,
  "bee": 7.262680279774399,
  "ass": 7.249092401080612,
  "rabbit": 7.235633043731671,
  "crane": 7.226265098806326,
  "ram": 7.225096709774434,
  "snake": 7.210498488630699,
  "trout": 7.208510445689873,
  "hen": 7.185080134881417,
  "jay": 7.161364408058873,
  "calf": 7.145489028829183,
  "robin": 7.136855716320477,
  "cock": 7.129096101009625,
  "worm": 7.111943035970754,
  "buck": 7.1036694450714615,
  "dragon": 7.088841094020468,
  "ant": 7.086298170720532,
  "duck": 7.083728379938888,
  "bat": 7.064588819451049,
  "coral": 7.063224227345152,
  "cod": 7.061508722612388,
  "pike": 7.051404764623922,
  "mole": 7.029575474356077,
  "goat": 7.029220866408781,
  "tiger": 7.023854003807547,
  "elephant": 7.021820965437411,
  "hare": 7.018676245720577,
  "crow": 7.016451412585743,
  "monkey": 7.005832408836735,
  "beaver": 7.001553425880724,
  "swallow": 6.993221940391196,
  "hawk": 6.980184373266849,
  "whale": 6.975963206778421,
  "ox": 6.967564495942612,
  "swan": 6.966643862374054,
  "hog": 6.946676330666539,
  "penguin": 6.926184754695417,
  "frog": 6.9243935318439,
  "goose": 6.92350632996531,
  "moth": 6.923118842934488,
  "dove": 6.898954770550767,
  "spider": 6.892891803155588,
  "shrimp": 6.89093008013023,
  "herring": 6.889136527120565,
  "elk": 6.883602276242162,
  "owl": 6.868651666781393,
  "oyster": 6.867093904684043,
  "beetle": 6.8516998812042385,
  "mule": 6.847780133246298,
  "crab": 6.843519243186707,
  "turtle": 6.842760155677992,
  "sponge": 6.8326091082123765,
  "chick": 6.825956360279855,
  "butterfly": 6.825794819399071,
  "cricket": 6.8196519693066024,
  "raven": 6.809496686862745,
  "mosquito": 6.805305755630051,
  "pigeon": 6.79554593379436,
  "bug": 6.774494192042654,
  "camel": 6.767960235878322,
  "tit": 6.761972993682589,
  "tick": 6.752544259661178,
  "tuna": 6.749242469260699,
  "pony": 6.745762712570557,
  "sparrow": 6.7103292965087284,
  "colt": 6.7018632567095375,
  "peacock": 6.694895421220705,
  "perch": 6.694640467477577,
  "squirrel": 6.688882970726868,
  "shark": 6.68710748219472,
  "moose": 6.680554509436132,
  "boar": 6.658067230929802,
  "bullock": 6.657758764247398,
  "finch": 6.6457349077725185,
  "caterpillar": 6.644498165463355,
  "lobster": 6.6366614791529654,
  "otter": 6.609669417248861,
  "donkey": 6.607857711618433,
  "falcon": 6.6012169680730555,
  "mammoth": 6.5966033626155385,
  "ape": 6.5909339649617085,
  "shellfish": 6.585612424072008,
  "nightingale": 6.580688500084304,
  "quail": 6.578416734632948,
  "mammal": 6.576472770638757,
  "puppy": 6.567362608219054,
  "mite": 6.55934215409653,
  "labrador": 6.547240674789451,
  "carp": 6.544551827016277,
  "dolphin": 6.535411983978476,
  "snail": 6.530585139615179,
  "canary": 6.529062254477698,
  "badger": 6.527494952215008,
  "gibbon": 6.526889035626829,
  "lizard": 6.513475568961591,
  "heron": 6.511630327448494,
  "eel": 6.508361220428801,
  "antelope": 6.499167405095106,
  "parrot": 6.49803693102313,
  "leopard": 6.493758537356678,
  "lark": 6.489958901069758,
  "coyote": 6.484629635508777,
  "kite": 6.481446068444974,
  "bacterium": 6.478657673434832,
  "reindeer": 6.467792733969822,
  "mink": 6.459539338909542,
  "toad": 6.45200782323444,
  "panther": 6.44386666741104,
  "stag": 6.443383008302567,
  "gull": 6.439491537595808,
  "flea": 6.435144760608332,
  "stallion": 6.434334609226976,
  "asp": 6.4302405463569325,
  "tortoise": 6.430213452764503,
  "bison": 6.420486320367585,
  "mackerel": 6.419867724756688,
  "lizards": 6.419619907383981,
  "clam": 6.419160079517935,
  "caribou": 6.4077218959799165,
  "guinea pig": 6.406524341169898,
  "catfish": 6.402999485493288,
  "wasp": 6.394008754856926,
  "leech": 6.3933682718797264,
  "crocodile": 6.390754996439018,
  "kitten": 6.3848378043584,
  "pheasant": 6.374632335408402,
  "cub": 6.374543794621733,
  "ewe": 6.3711305070425155,
  "squid": 6.365774300214243,
  "gulls": 6.362437610417129,
  "tern": 6.3601014773537115,
  "slug": 6.354131306263668,
  "cobra": 6.34532196506184,
  "hamster": 6.334943262838285,
  "grizzly": 6.328632562361868,
  "cuckoo": 6.324468071371527,
  "husky": 6.323728634144785,
  "alligator": 6.3197076142289665,
  "roebuck": 6.315373252332515,
  "bunny": 6.3117746219542665,
  "kangaroo": 6.308644222510829,
  "ostrich": 6.307614757368537,
  "python": 6.291279362359212,
  "porcupine": 6.280977200926408,
  "emu": 6.2750451668146425,
  "reptile": 6.274675229223683,
  "pelican": 6.273725187397259,
  "dinosaur": 6.268746415520333,
  "jaguar": 6.264424419552251,
  "grasshopper": 6.261875208567128,
  "stringer": 6.253739638890888,
  "terrier": 6.250841405023312,
  "zebra": 6.222890934063133,
  "mussel": 6.214263253295797,
  "gorilla": 6.203245628311573,
  "woodpecker": 6.200474840503064,
  "vulture": 6.199656188505927,
  "anaconda": 6.1990634294198275,
  "scorpion": 6.19643375502176,
  "haddock": 6.195136338764203,
  "rhinoceros": 6.1932195202998,
  "skate": 6.191025454551484,
  "lynx": 6.187991139665459,
  "chihuahua": 6.1827885781852885,
  "octopus": 6.180413206163994,
  "unicorn": 6.180111532308922,
  "louse": 6.178816430003113,
  "ibis": 6.1727692621597186,
  "urchin": 6.171336729852042,
  "rooster": 6.171295162083654,
  "starling": 6.170505204166297,
  "rattlesnake": 6.166803558987146,
  "sloth": 6.165871121880496,
  "stork": 6.162917015598428,
  "skunk": 6.162806576147618,
  "ferret": 6.1490706263238035,
  "loon": 6.14896492981267,
  "chimpanzee": 6.146622539540128,
  "weasel": 6.14433753825566,
  "raccoon": 6.135205823037092,
  "boa": 6.13509542454001,
  "shrew": 6.13249214780467,
  "flounder": 6.121430816911232,
  "albatross": 6.117417141066332,
  "goldfish": 6.11408230430991,
  "amphibian": 6.104113771746337,
  "viper": 6.09481514365343,
  "gopher": 6.090653359656262,
  "tetra": 6.068029190523103,
  "newt": 6.058233130579839,
  "salamander": 6.048550946140318,
  "walrus": 6.037063770378654,
  "gazelle": 6.036553446109183,
  "hornet": 6.033178792581675,
  "sardine": 6.022017391124398,
  "bulldog": 6.008474974720222,
  "rhino": 5.983794470382683,
  "scallop": 5.977512807026651,
  "baboon": 5.975029497705224,
  "giraffe": 5.971850815358739,
  "panda": 5.971798450718821,
  "cockroach": 5.964816170062785,
  "jackal": 5.963929893931639,
  "wolverine": 5.962691740007079,
  "hedgehog": 5.960826439388719,
  "magpie": 5.956168430475364,
  "anemone": 5.955195944864423,
  "minnow": 5.9478751445743665,
  "starfish": 5.946857875591081,
  "muskrat": 5.9456177559140615,
  "chameleon": 5.93801809564234,
  "porpoise": 5.937568540036974,
  "possum": 5.928051045382672,
  "prawn": 5.925644132761744,
  "hippo": 5.925457519694027,
  "wild boar": 5.902143279655511,
  "cougar": 5.900222886160513,
  "black bear": 5.884925010093193,
  "opossum": 5.882159531711384,
  "puma": 5.881225405289114,
  "hippopotamus": 5.880668993864164,
  "vole": 5.875484349596195,
  "poodle": 5.869085560915048,
  "swordfish": 5.8685139541465725,
  "bluebird": 5.867390875562453,
  "tilapia": 5.864049249376308,