{
  "aardvark": 4.010130277215148,
  "akita": 3.180125875164054,
  "alligator": 5.205799621570576,
  "alpaca": 4.658869592201962,
  "amphibian": 5.078420564914,
  "anaconda": 4.587216912605019,
  "angelfish": 3.958324931644053,
  "ant": 7.705509771977488,
  "anteater": 4.115277591395901,
  "antelope": 4.99430835228702,
  "antlion": 3.361727836017593,
  "ape": 6.064286109385351,
  "armadillo": 4.6162128622434855,
  "asp": 6.6289466146935245,
  "axolotl": 4.237594000799247,
  "baboon": 4.927606440070794,
  "badger": 5.234319832051271,
  "barracuda": 4.253870852339682,
  "bass": 6.391199487238851,
  "bat": 6.436663308280262,
  "bear": 6.8430108386651725,
  "beaver": 5.253933781993365,
  "bee": 6.023269337100794,
  "beetle": 5.639967333608677,
  "beluga": 4.428037553035308,
  "bengal tiger": 2.5705429398818973,
  "betta": 4.249051528805085,
  "billy goat": 3.7645497190644672,
  "bird": 6.587560563111716,
  "bison": 5.298872717424547,
  "black bear": 4.749295615434781,
  "black bird": 4.017700971224117,
  "black mamba": 3.6154239528859438,
  "black tailed deer": 2.0,
  "black widow": 4.2398748196530365,
  "bloodhound": 4.3993275321586784,
  "blowfish": 4.187859000340963,
  "blue footed booby": 1.7558748556724915,
  "blue gill": 2.8109042806687006,
  "blue jay": 3.9209577059554492,
  "blue whale": 4.35644655550447,
  "bluebird": 4.619635859719037,
  "boa": 5.258052722713579,
  "boa constrictor": 4.04241798814325,
  "boar": 5.438281218968687,
  "bobcat": 4.489339625857985,
  "bonobo": 4.384209999793958,
  "brine shrimp": 4.2735336801512975,
  "bronco": 4.163846875794205,
  "brown bear": 4.45982957814908,
  "buck": 6.271630678644208,
  "buffalo": 5.701586979627822,
  "bug": 6.81643731815849,
  "bull": 6.536971204863539,
  "bulldog": 4.9445122821281515,
  "bullfrog": 4.3605744813966325,
  "bunny": 5.341236623238692,
  "butterfly": 5.82149846212069,
  "caiman": 4.055148889889394,
  "calf": 5.92473092421131,
  "camel": 5.716196227767206,
  "canary": 5.061056457256414,
  "capybara": 4.231571525528415,
  "cardinal": 6.058360343839098,
  "caribou": 5.012204296030743,
  "cat": 6.974700475388379,
  "caterpillar": 5.164204099324033,
  "catfish": 5.287044412617308,
  "cattle": 6.392738446620633,
  "cavy": 3.4638929889859074,
  "centipede": 4.528903851138409,
  "chameleon": 4.984864716816858,
  "cheetah": 5.021937295517345,
  "chick": 6.295701435603502,
  "chickadee": 4.086964573877051,
  "chicken": 6.6509305363825595,
  "chihuahua": 4.214101735973232,
  "chimpanzee": 5.253068911443606,
  "chinchilla": 4.28264476718974,
  "chipmunk": 4.499136994537382,
  "clam": 5.933455397922243,
  "clownfish": 4.074157919697316,
  "cobra": 5.079304278722025,
  "cock": 6.646023576731184,
  "cockatiel": 3.731346975545955,
  "cockatoo": 4.288182130613658,
  "cockroach": 5.088114816613137,
  "colt": 5.203533288997972,
  "coral": 5.906909051777534,
  "cougar": 4.874093156118793,
  "cow": 6.605994843068253,
  "coyote": 5.141035663601179,
  "crab": 5.930451318520528,
  "crane": 5.646272339622796,
  "crawfish": 4.63360983076968,
  "cricket": 6.120082439820241
}