{
  "human": 10.008089342962899,
  "ant": 9.537409557459329,
  "fish": 9.480005776687953,
  "dog": 9.478924359705076,
  "cat": 9.378640149705046,
  "mole": 9.20885507206091,
  "fly": 9.182046913018814,
  "bear": 9.147516103393212,
  "horse": 9.124456469378565,
  "cock": 9.106448921435732,
  "chicken": 9.02977138093425,
  "tick": 8.999565305639674,
  "cow": 8.996943068611504,
  "bug": 8.971104560957436,
  "bird": 8.956878353768628,
  "bull": 8.940972702670512,
  "ox": 8.933155791638937,
  "crow": 8.928745692234395,
  "mouse": 8.857748803339074,
  "insect": 8.834767314183177,
  "asp": 8.818491286560416,
  "moth": 8.806150495245483,
  "pig": 8.783830221596745,
  "bat": 8.777831158754953,
  "bass": 8.765851337133109,
  "cub": 8.729135457619709,
  "rat": 8.702875563602488,
  "sheep": 8.672890931281477,
  "chick": 8.655507015515399,
  "ram": 8.64396795719338,
  "worm": 8.63177704329578,
  "seal": 8.629582864345156,
  "buck": 8.60665674303615,
  "snake": 8.577029202267944,
  "cattle": 8.57533658841366,
  "devil": 8.562345119432226,
  "duck": 8.525633492688824,
  "wolf": 8.515053457672762,
  "deer": 8.505563406254373,
  "lion": 8.467465704676204,
  "bee": 8.426212178371706,
  "rabbit": 8.422749987185496,
  "python": 8.416720153968797,
  "puppy": 8.405171292093062,
  "monkey": 8.401638045249111,
  "spider": 8.397596519655538,
  "salmon": 8.391935409058963,
  "elephant": 8.384630517797698,
  "lamb": 8.383768883215787,
  "turkey": 8.377608294009686,
  "mosquito": 8.364320073155938,
  "shark": 8.336271445393166,
  "goat": 8.332790459353483,
  "crab": 8.306613588372016,
  "fox": 8.276554214045019,
  "squirrel": 8.257414078586697,
  "tiger": 8.253657186545434,
  "whale": 8.245499836196718,
  "hen": 8.241156959968265,
  "shrimp": 8.2236387440353,
  "cricket": 8.217948732680412,
  "coral": 8.213586521485624,
  "ape": 8.21201675718861,
  "pony": 8.197703671877516,
  "goose": 8.193598972941126,
  "frog": 8.189571353853953,
  "butterfly": 8.176356879174797,
  "clam": 8.164570929889507,
  "dinosaur": 8.129556780518222,
  "turtle": 8.128898323585359,
  "calf": 8.098834323692543,
  "eagle": 8.097960810449937,
  "kitten": 8.06631489078695,
  "sponge": 8.054420183454127,
  "tuna": 8.049746686958986,
  "hog": 8.044741456662553,
  "cardinal": 8.023402152224264,
  "owl": 8.010614833198826,
  "camel": 7.995133843553207,
  "buffalo": 7.967193516573172,
  "hawk": 7.966166709822334,
  "lizard": 7.953104906440332,
  "slug": 7.945833544393312,
  "bunny": 7.933232609314546,
  "donkey": 7.930119158914876,
  "dove": 7.925636401768333,
  "pigeon": 7.912495623717829,
  "lobster": 7.898337378737758,
  "crane": 7.894819751505715,
  "trout": 7.8846178161620335,
  "raven": 7.879270365423274,
  "parrot": 7.879125825854583,
  "squid": 7.860976219851595,
  "flea": 7.853293168041352,
  "snail": 7.850410770277474,
  "gorilla": 7.821614917452423,
  "lizards": 7.805492226554752,
  "dolphin": 7.797997331670767,
  "beetle": 7.790955866641428,
  "leopard": 7.783302580064305,
  "octopus": 7.759725545375369,
  "crocodile": 7.7539233144005895,
  "oyster": 7.738337399638135,
  "leech": 7.738253220517538,
  "moose": 7.728130570364882,
  "stag": 7.710236631565156,
  "penguin": 7.706466433142929,
  "mule": 7.703368426304645,
  "jellyfish": 7.693664701448076,
  "swan": 7.687294182554896,
  "elk": 7.678295529715862,
  "hare": 7.675061347493909,
  "hamster": 7.6729940740931255,
  "boar": 7.661557521720765,
  "reindeer": 7.656849274706174,
  "sparrow": 7.654365144575761,
  "reptile": 7.644973397503996,
  "bison": 7.643400755451418,
  "toad": 7.642528917678766,
  "doe": 7.639665748155175,
  "goldfish": 7.638625613997234,
  "sloth": 7.633585800233958,
  "tortoise": 7.632279995011753,
  "zebra": 7.62999590849654,
  "wasp": 7.623680062259905,
  "alligator": 7.620363661445052,
  "rhino": 7.617864921860866,
  "hummingbird": 7.609561755881857,
  "peacock": 7.60569681207447,
  "catfish": 7.594820335174192,
  "beaver": 7.590727508257613,
  "coyote": 7.589084169826595,
  "rooster": 7.5785545200166,
  "badger": 7.571458429035245,
  "caterpillar": 7.57021382546502,
  "panda": 7.567157458581292,
  "robin": 7.564576119296637,
  "skunk": 7.555262810903167,
  "raccoon": 7.540047780403344,
  "kangaroo": 7.536385574117451,
  "scorpion": 7.536214658405332,
  "giraffe": 7.534786598043043,
  "ostrich": 7.528452991211279,
  "gull": 7.528118690264492,
  "ferret": 7.5249877616272025,
  "falcon": 7.52496221841288,
  "eel": 7.513571685446724,
  "cockroach": 7.5089323151901235,
  "chimpanzee": 7.5059085165442685,
  "grizzly": 7.4998339757485315,
  "cheetah": 7.499800726462345,
  "yak": 7.498944436652599,
  "pike": 7.492912156107617,
  "polar bear": 7.480405821708056,
  "stallion": 7.466701726719759,
  "quail": 7.460688609691941,
  "guinea pig": 7.449834482639069,
  "hedgehog": 7.447309077510131,
  "hornet": 7.420850002232518,
  "canary": 7.415295942336764,
  "seagull": 7.388707972363544,
  "vulture": 7.386402286367811,
  "terrier": 7.381881326871758,
  "otter": 7.37670193559307,
  "cobra": 7.372284030455506,
  "kiwi": 7.371573936183995,
  "chameleon": 7.370573224210851,
  "panther": 7.370544360636117,
  "mink": 7.365650440541303,
  "poodle": 7.361342464765466,
  "possum": 7.361125070351983,
  "bulldog": 7.355919853445455,
  "loon": 7.348826287536357,
  "antelope": 7.343935926546605,
  "cougar": 7.33749759731839,
  "koi": 7.329960775033025,
  "starfish": 7.327581440525881,
  "grasshopper": 7.268728170614723,
  "gecko": 7.264347633622871,
  "gulls": 7.264295175121312,
  "lynx": 7.258869450891616,
  "caribou": 7.257764705399065,
  "rhinoceros": 7.257734717598581,
  "colt": 7.249136450723338,
  "amphibian": 7.237758570289204,
  "urchin": 7.234816580341563,
  "jaguar": 7.230597577926439,
  "rattlesnake": 7.227716037038922,
  "flounder": 7.225216984341514,
  "viper": 7.218071817769401,
  "fisher": 7.217197215224872,
  "llama": 7.209725676690313,
  "stork": 7.204196248927373,
  "hyena": 7.202421287770656,
  "ladybug": 7.182436052752318,
  "opossum": 7.175660514918484,
  "raptor": 7.167338605793717,
  "salamander": 7.164405503362574,
  "walrus": 7.154573987272473,
  "woodpecker": 7.142819792625576,
  "baboon": 7.138382916792428,
  "gopher": 7.133433834715909,
  "black bear": 7.129636407538089,
  "gnat": 7.12764247199386,
  "pheasant": 7.110089478672186,
  "boa": 7.1082781052067405,
  "porcupine": 7.099032167749763,
  "iguana": 7.090363174046827,
  "heron": 7.087633789367608,
  "alpaca": 7.084708869422657,
  "koala": 7.0825211240427555,
  "betta": 7.080564801182054,
  "orangutan": 7.077984565208753,
  "tilapia": 7.0775052587199125,
  "gazelle": 7.07344119304239,
  "scallop": 7.070551324094741,
  "stingray": 7.063252273069607,
  "mountain lion": 7.061879024198739,
  "finch": 7.059759885082364,
  "tarantula": 7.055634779937792,
  "platypus": 7.055308364568377,
  "crawfish": 7.04519775872325,
  "lioness": 7.041893019932511,
  "mongoose": 7.040338835668899,
  "centipede": 7.038658305078174,
  "dingo": 7.0277209440690624,
  "emu": 7.01641862832815,
  "bluebird": 7.012853668553853,
  "lemur": 6.999605481471902,
  "dodo": 6.9993132720605455,
  "orca": 6.996159978915407,
  "puma": 6.995021045427067,
  "flamingo": 6.994896705138751,
  "bobcat": 6.994202733783717,
  "ewe": 6.992182242834663,
  "pelican": 6.980177509218763,
  "chipmunk": 6.977757890341974,
  "newt": 6.975648212469132,
  "armadillo": 6.974018629180007,
  "swordfish": 6.966807453454323,
  "chihuahua": 6.959872437658379,
  "tadpole": 6.942791062150288,
  "groundhog": 6.9126024955431395,
  "wildebeest": 6.909919571926429,
  "nightingale": 6.902566346584505,
  "hippopotamus": 6.8949990959365035,
  "chinchilla": 6.894664909178908,
  "anaconda": 6.891875172873577,
  "sea lion": 6.891076158163387,
  "gerbil": 6.89077915007196,
  "piglet": 6.889956293135003,
  "piranha": 6.869524476368672,
  "parakeet": 6.864866914328526,
  "black widow": 6.863450749937071,
  "wolverine": 6.860420065499492,
  "manatee": 6.84546703352384,
  "woodchuck": 6.8238255655867395,
  "minnow": 6.819518929988198,