{
  "human": -3.6412555052492372,
  "fish": -4.1133385509206395,
  "bear": -4.268591729737611,
  "horse": -4.276183354383584,
  "cattle": -4.431048188605417,
  "dog": -4.457389890839318,
  "bird": -4.52699012811379,
  "sheep": -4.576274863355831,
  "bull": -4.608868501984846,
  "fly": -4.630067603931907,
  "seal": -4.652178601088361,
  "cat": -4.679284001075141,
  "turkey": -4.726470637506432,
  "fox": -4.750211090306319,
  "rat": -4.8001422018115205,
  "buffalo": -4.801497692446853,
  "devil": -4.844231648987575,
  "cow": -4.8672488525331215,
  "mouse": -4.892043085380726,
  "pig": -4.892956272690406,
  "deer": -4.8965907666784165,
  "salmon": -4.9161597740084,
  "chicken": -4.91810280486588,
  "insect": -4.922435937076296,
  "fisher": -4.923717918917155,
  "wolf": -4.923944566901541,
  "lion": -4.952706659615709,
  "doe": -4.973954644306443,
  "lamb": -4.974285542426179,
  "cardinal": -4.985459549316735,
  "eagle": -4.998604592281992,
  "bass": -5.012374051909033,
  "bee": -5.037809893559688,
  "rabbit": -5.064857129602415,
  "crane": -5.074225074527759,
  "ram": -5.075393463559653,
  "snake": -5.089991684703388,
  "trout": -5.091979727644214,
  "hen": -5.115410038452669,
  "calf": -5.1550011445049035,
  "robin": -5.163634457013609,
  "cock": -5.171394072324461,
  "worm": -5.188547137363333,
  "buck": -5.196820728262625,
  "ant": -5.214192002613554,
  "duck": -5.216761793395198,
  "bat": -5.235901353883038,
  "coral": -5.237265945988934,
  "pike": -5.249085408710164,
  "mole": -5.270914698978009,
  "goat": -5.271269306925306,
  "tiger": -5.2766361695265385,
  "elephant": -5.278669207896675,
  "hare": -5.281813927613508,
  "crow": -5.284038760748342,
  "monkey": -5.294657764497352,
  "beaver": -5.298936747453363,
  "hawk": -5.320305800067237,
  "whale": -5.3245269665556645,
  "ox": -5.332925677391474,
  "swan": -5.333846310960032,
  "hog": -5.353813842667548,
  "penguin": -5.374305418638669,
  "frog": -5.376096641490187,
  "goose": -5.376983843368777,
  "moth": -5.3773713303995985,
  "dove": -5.40153540278332,
  "spider": -5.407598370178499,
  "shrimp": -5.409560093203857,
  "elk": -5.416887897091924,
  "owl": -5.431838506552694,
  "oyster": -5.433396268650044,
  "beetle": -5.448790292129848,
  "mule": -5.452710040087789,
  "crab": -5.45697093014738,
  "turtle": -5.457730017656094,
  "sponge": -5.46788106512171,
  "chick": -5.474533813054231,
  "butterfly": -5.474695353935014,
  "cricket": -5.480838204027484,
  "raven": -5.490993486471341,
  "mosquito": -5.495184417704036,
  "pigeon": -5.504944239539727,
  "bug": -5.525995981291433,
  "camel": -5.532529937455765,
  "tick": -5.547945913672908,
  "tuna": -5.551247704073387,
  "pony": -5.554727460763529,
  "sparrow": -5.590160876825358,
  "colt": -5.598626916624549,
  "peacock": -5.605594752113381,
  "squirrel": -5.611607202607218,
  "shark": -5.613382691139366,
  "moose": -5.619935663897953,
  "boar": -5.642422942404284,
  "finch": -5.654755265561568,
  "caterpillar": -5.655992007870732,
  "lobster": -5.66382869418112,
  "otter": -5.690820756085226,
  "donkey": -5.692632461715654,
  "falcon": -5.699273205261031,
  "ape": -5.709556208372378,
  "nightingale": -5.719801673249782,
  "quail": -5.7220734387011385,
  "puppy": -5.733127565115033,
  "dolphin": -5.76507818935561,
  "snail": -5.769905033718907,
  "canary": -5.7714279188563875,
  "badger": -5.772995221119078,
  "lizard": -5.787014604372494,
  "heron": -5.788859845885592,
  "eel": -5.792128952905285,
  "antelope": -5.801322768238981,
  "parrot": -5.802453242310957,
  "leopard": -5.806731635977409,
  "coyote": -5.815860537825309,
  "reindeer": -5.832697439364264,
  "mink": -5.840950834424545,
  "toad": -5.848482350099646,
  "panther": -5.856623505923046,
  "stag": -5.857107165031519,
  "gull": -5.8609986357382775,
  "flea": -5.8653454127257545,
  "stallion": -5.86615556410711,
  "asp": -5.870249626977154,
  "tortoise": -5.870276720569583,
  "bison": -5.8800038529665,
  "lizards": -5.880870265950105,
  "clam": -5.8813300938161515,
  "caribou": -5.89276827735417,
  "catfish": -5.897490687840799,
  "wasp": -5.906481418477161,
  "leech": -5.907121901454359,
  "crocodile": -5.909735176895069,
  "guinea pig": -5.915582076310352,
  "kitten": -5.915652368975685,
  "pheasant": -5.925857837925685,
  "cub": -5.925946378712354,
  "ewe": -5.92935966629157,
  "squid": -5.934715873119844,
  "gulls": -5.938052562916957,
  "slug": -5.946358867070417,
  "cobra": -5.955168208272246,
  "hamster": -5.9655469104958,
  "grizzly": -5.971857610972219,
  "alligator": -5.980782559105119,
  "bunny": -5.988715551379819,
  "kangaroo": -5.991845950823258,
  "ostrich": -5.992875415965549,
  "python": -6.009210810974874,
  "porcupine": -6.019512972407679,
  "emu": -6.025445006519444,
  "reptile": -6.025814944110404,
  "pelican": -6.026764985936827,
  "dinosaur": -6.031743757813754,
  "jaguar": -6.036065753781836,
  "grasshopper": -6.038614964766959,
  "terrier": -6.0496487683107745,
  "zebra": -6.0775992392709535,
  "gorilla": -6.097244545022513,
  "woodpecker": -6.100015332831022,
  "vulture": -6.100833984828159,
  "anaconda": -6.101426743914258,
  "scorpion": -6.104056418312327,
  "rhinoceros": -6.107270653034287,
  "lynx": -6.112499033668628,
  "chihuahua": -6.117701595148797,
  "octopus": -6.1200769671700925,
  "urchin": -6.1291534434820445,
  "rooster": -6.129195011250433,
  "rattlesnake": -6.13368661434694,
  "sloth": -6.1346190514535905,
  "stork": -6.137573157735659,
  "skunk": -6.137683597186468,
  "ferret": -6.151419547010283,
  "loon": -6.151525243521416,
  "chimpanzee": -6.153867633793959,
  "raccoon": -6.165284350296994,
  "boa": -6.165394748794077,
  "flounder": -6.1790593564228535,
  "goldfish": -6.186407869024175,
  "amphibian": -6.196376401587749,
  "viper": -6.205675029680656,
  "gopher": -6.209836813677825,
  "newt": -6.242257042754248,
  "salamander": -6.251939227193769,
  "walrus": -6.2634264029554325,
  "gazelle": -6.263936727224904,
  "hornet": -6.26731138075241,
  "bulldog": -6.292015198613864,
  "rhino": -6.316695702951404,
  "scallop": -6.322977366307436,
  "baboon": -6.325460675628863,
  "giraffe": -6.328639357975348,
  "panda": -6.3286917226152655,
  "cockroach": -6.3356740032713015,
  "wolverine": -6.337798433327007,
  "hedgehog": -6.339663733945367,
  "minnow": -6.35261502875972,
  "starfish": -6.3536322977430055,
  "muskrat": -6.354872417420025,
  "chameleon": -6.362472077691747,
  "porpoise": -6.362921633297113,
  "possum": -6.372439127951414,
  "cougar": -6.400267287173573,
  "opossum": -6.418330641622703,
  "puma": -6.419264768044973,
  "hippopotamus": -6.419821179469921,
  "poodle": -6.431404612419039,
  "swordfish": -6.431976219187514,
  "bluebird": -6.4330992977716335,
  "tilapia": -6.436440923957779,
  "black bear": -6.437181407387056,
  "manatee": -6.437200630232637,
  "tadpole": -6.446866175078845,
  "yak": -6.448137680920892,
  "flamingo": -6.4497802381315585,
  "hummingbird": -6.449964013590214,
  "dodo": -6.4519439113190815,
  "gnat": -6.460099244997905,
  "hyena": -6.466619839802205,
  "lioness": -6.478148149389108,
  "llama": -6.479049360952455,
  "jellyfish": -6.485098401299531,
  "polar bear": -6.486926521382074,
  "kiwi": -6.4958335772827445,
  "oriole": -6.5108558826880305,
  "seagull": -6.540567868873818,
  "crawfish": -6.54869699657153,
  "raptor": -6.553009225676194,
  "mule deer": -6.5555522989098005,
  "alpaca": -6.603771295659109,
  "guppy": -6.606291383377231,
  "iguana": -6.612591283042237,
  "egret": -6.617911921479006,
  "bronco": -6.6238934907669185,
  "cheetah": -6.6361961487256345,
  "chipmunk": -6.657087838444064,
  "bobcat": -6.666894478012622,
  "armadillo": -6.668589012527471,
  "mongoose": -6.684960949696953,
  "koi": -6.689229013577845,
  "bullfrog": -6.693886343038894,
  "sea lion": -6.695404801673244,
  "chinchilla": -6.70824122464622,
  "goldfinch": -6.718259718777374,
  "mountain lion": -6.7274155992967595,
  "centipede": -6.73911326714154,
  "wild cat": -6.74773711070875,
  "bloodhound": -6.748056807362197,