{
  "alligator": 1.0452434166970574e-06,
  "alpaca": 2.49016832360118e-07,
  "ant": 6.106719856939964e-06,
  "ape": 1.951838101907063e-06,
  "bat": 5.80896347960248e-06,
  "bear": 5.387760354905512e-05,
  "beaver": 5.024157582210308e-06,
  "beetle": 3.5580308380731234e-06,
  "bird": 2.9717335810244206e-05,
  "bison": 1.318245043320262e-06,
  "black bird": 7.307279936928812e-08,
  "bonobo": 3.9380919555655385e-08,
  "buffalo": 1.579455022185739e-05,
  "bull": 2.4611126802550165e-05,
  "butterfly": 3.35200490964418e-06,
  "camel": 2.934067241345026e-06,
  "canary": 1.6926691584456901e-06,
  "cat": 2.092743486641865e-05,
  "centipede": 1.8234200791564016e-07,
  "cheetah": 2.3110207839007928e-07,
  "chicken": 1.2075640037101083e-05,
  "chimpanzee": 7.016691236729484e-07,
  "chinchilla": 1.9577569543923997e-07,
  "cougar": 3.9786223029573047e-07,
  "cow": 1.3575353503156666e-05,
  "crocodile": 1.2310191900865133e-06,
  "deer": 1.2688469302599682e-05,
  "dog": 3.48827013029913e-05,
  "dolphin": 1.7175991268179129e-06,
  "donkey": 2.0293994497505203e-06,
  "duck": 6.07069210273547e-06,
  "elephant": 5.2641807424991186e-06,
  "ferret": 7.056355508269128e-07,
  "fish": 7.703027513715476e-05,
  "fly": 2.3438639321410666e-05,
  "fox": 1.7774152813220322e-05,
  "gazelle": 5.445819877295464e-07,
  "gerbil": 1.1981133139246956e-07,
  "giraffe": 4.692028506603078e-07,
  "goat": 5.354645118673545e-06,
  "goldfish": 6.510167024927178e-07,
  "goose": 4.1977460016284755e-06,
  "gorilla": 7.99384006533084e-07,
  "guinea pig": 1.2145570624480543e-06,
  "hamster": 1.0825627753515358e-06,
  "hare": 5.226200562963253e-06,
  "hawk": 4.7829319281661245e-06,
  "hippopotamus": 3.8034597134204353e-07,
  "horse": 5.2944240111308244e-05,
  "hyena": 3.414917060039788e-07,
  "jaguar": 9.203102228519551e-07,
  "kangaroo": 1.0189527580554322e-06,
  "koala": 1.450291573455997e-07,
  "lamb": 1.060997736944651e-05,
  "leopard": 1.5605164964714294e-06,
  "lion": 1.115047428263657e-05,
  "llama": 3.318567373045973e-07,
  "lynx": 7.71793232869517e-07,
  "mole": 5.359019052037699e-06,
  "monkey": 5.07390387778803e-06,
  "moose": 2.3991883068905187e-06,
  "mouse": 1.2822140851357374e-05,
  "orangutan": 1.0543547349101273e-07,
  "ostrich": 1.0165402612164882e-06,
  "otter": 2.037882988126272e-06,
  "owl": 3.6996572685014574e-06,
  "ox": 4.645947764429538e-06,
  "panda": 4.6914628038788603e-07,
  "panther": 1.3911581170094138e-06,
  "parrot": 1.575965687683261e-06,
  "penguin": 4.223714760401365e-06,
  "pig": 1.279510126238351e-05,
  "polar bear": 3.258918342283254e-07,
  "pony": 2.7878701331537615e-06,
  "puma": 3.8083357705300675e-07,
  "rabbit": 8.612770409679036e-06,
  "rat": 1.584374333025789e-05,
  "robin": 6.860681439071496e-06,
  "sea lion": 2.0164859404735493e-07,
  "seal": 2.2275189066446024e-05,
  "shark": 2.4356636170555885e-06,
  "sheep": 2.6529260035775186e-05,
  "sloth": 7.334676242365622e-07,
  "slug": 1.1314650224398492e-06,
  "snail": 1.698615044512538e-06,
  "snake": 8.128460793172706e-06,
  "sparrow": 2.569443800761206e-06,
  "spider": 3.912025074904202e-06,
  "squirrel": 2.4456415117426597e-06,
  "swan": 4.636109543246941e-06,
  "tarantula": 1.5800978206794522e-07,
  "tiger": 5.288881426050375e-06,
  "turkey": 1.877281336399836e-05,
  "turtle": 3.4855392880067963e-06,
  "wallaby": 1.454476772371451e-07,
  "whale": 4.736668959628322e-06,
  "wildebeest": 1.1739633144412621e-07,
  "wolf": 1.1913940671778724e-05,
  "worm": 6.478177787427346e-06,
  "zebra": 8.363744566125082e-07,
  "antelope": 1.5800732902073401e-06,
  "boar": 2.278122417067173e-06,
  "eagle": 1.0032182123720925e-05,
  "flamingo": 3.549929774813569e-07,
  "frog": 4.206330165002075e-06,
  "jellyfish": 3.272665352883535e-07,
  "lemur": 1.5978899222889305e-07,
  "lizard": 1.6329970328564002e-06,
  "meerkat": 1.9428634534671893e-08,
  "octopus": 7.584431491998503e-07,
  "rooster": 7.426855749100378e-07,
  "salmon": 1.2129425350005347e-05,
  "toad": 1.4174823173169882e-06,
  "tortoise": 1.3481036340994998e-06,
  "capybara": 3.4742157217067176e-08,
  "armadillo": 2.1449194503890097e-07,
  "baboon": 4.726496323029994e-07,
  "bee": 9.166216408413013e-06,
  "blue whale": 8.926129207957992e-08,
  "caterpillar": 2.208045366327309e-06,
  "chameleon": 4.3403816857665655e-07,
  "cockroach": 4.6166398577181226e-07,
  "crab": 3.4916368625032352e-06,
  "crow": 5.199495890027001e-06,
  "dinosaur": 9.295146567346749e-07,
  "eel": 1.6138792845091082e-06,
  "gecko": 1.6438119673265623e-07,
  "grasshopper": 9.149240320467672e-07,
  "hedgehog": 4.5744224145912995e-07,
  "iguana": 2.44010613561728e-07,
  "lobster": 2.1685593161768873e-06,
  "mosquito": 3.197537027376096e-06,
  "narwhal": 8.4212109517118e-08,
  "oyster": 3.6864108135609176e-06,
  "pheasant": 1.1861569615685006e-06,
  "pigeon": 3.126480760239267e-06,
  "platypus": 1.4133106351922897e-07,
  "porcupine": 9.56064136888177e-07,
  "raven": 3.2285425428820447e-06,
  "salamander": 5.598359364082409e-07,
  "seagull": 2.880262904809329e-07,
  "shrimp": 3.894394173540031e-06,
  "squid": 1.1622087127026423e-06,
  "swordfish": 3.698484311436995e-07,
  "tapir": 1.5794420060168632e-07,
  "vulture": 7.9280433316636e-07,
  "walrus": 5.452222831138605e-07,
  "wasp": 1.240276689888496e-06,
  "black widow": 1.1056301835697038e-07,
  "boa": 6.832902932202989e-07,
  "buck": 6.355932432455099e-06,
  "caiman": 9.846331257049492e-08,
  "calf": 6.998401516971446e-06,
  "clam": 1.3142255502470348e-06,
  "cobra": 1.1087452996671157e-06,
  "crane": 8.428978100177502e-06,
  "cricket": 3.30492642806412e-06,
  "falcon": 1.998604195434104e-06,
  "finch": 2.214342188331924e-06,
  "flea": 1.363498257526429e-06,
  "guppy": 2.475760425899414e-07,
  "heron": 1.6260734322582268e-06,
  "hummingbird": 3.5484279091740516e-07,
  "humpback whale": 5.990128117357508e-08,
  "insect": 1.1955398671513833e-05,
  "kiwi": 3.1927610946424315e-07,
  "macaw": 1.2369115096122184e-07,
  "manatee": 3.654259374572017e-07,
  "moth": 4.19400235121104e-06,
  "orca": 1.6760620288257907e-07,
  "parakeet": 1.2637548548091858e-07,
  "peacock": 2.4797348630034556e-06,
  "pelican": 9.402319699382684e-07,
  "pike": 5.635268212795419e-06,
  "piranha": 7.882341560253097e-08,
  "potbellied pig": 3.578072711322328e-09,
  "python": 9.79014646347516e-07,
  "reindeer": 1.469949993433515e-06,
  "rhino": 4.822856022461405e-07,
  "skunk": 7.283102176304608e-07,
  "starfish": 4.429632554504263e-07,
  "stick insect": 2.131887359070351e-08,
  "stork": 7.284954477260012e-07,
  "tick": 2.8317446347028517e-06,
  "toucan": 7.175062968416553e-08,
  "tree frog": 5.1380495399767155e-08,
  "viper": 6.22766109191523e-07,
  "wombat": 1.0693083104609183e-07,
  "woodpecker": 7.943001913433189e-07,
  "aardvark": 5.6884162340466475e-08,
  "akita": 1.6249585473318254e-07,
  "amphibian": 6.362438514405487e-07,
  "anaconda": 7.917229899059077e-07,
  "angelfish": 4.909148215889254e-08,
  "anteater": 6.444405334791527e-08,
  "antlion": 5.99444638919223e-09,
  "asp": 1.3481877385753129e-06,
  "axolotl": 6.537771315381501e-08,
  "badger": 1.686571583949251e-06,
  "barracuda": 1.7594606277881704e-07,
  "bass": 9.71909770566653e-06,
  "beluga": 1.485320086388332e-07,
  "bengal tiger": 3.475045937166442e-08,
  "betta": 8.773899066058378e-08,
  "billy goat": 4.589526039662712e-08,
  "black bear": 3.654421123848667e-07,
  "black mamba": 1.6123713971109176e-08,
  "black tailed deer": 1.5023662613968501e-09,
  "bloodhound": 1.786253910797154e-07,
  "blowfish": 3.224956087734878e-08,
  "blue footed booby": 9.011193837102066e-11,
  "blue gill": 6.3354559549119125e-09,
  "blue jay": 1.4663191559670458e-07,
  "bluebird": 3.6889324459696667e-07,
  "boa constrictor": 6.400615745501489e-08,
  "bobcat": 2.153304866876313e-07,
  "brine shrimp": 9.342189712928712e-08,
  "bronco": 2.377423270042638e-07,
  "brown bear": 1.688962729909191e-07,
  "bug": 2.978543991015562e-06,
  "bulldog": 5.104871346031111e-07,
  "bullfrog": 2.0235486818408417e-07,
  "bunny": 1.0263239146141818e-06,